source,target
0,742
0,790
0,1427
0,1796
0,1661
0,865
0,1085
0,2036
0,2368
0,2220
0,841
0,654
0,2233
0,281
0,2899
0,486
0,422
0,1685
0,1399
0,390
0,1637
0,1376
0,1377
0,2633
0,2608
0,637
0,897
0,429
0,1648
0,599
0,1889
0,1361
0,2693
0,2991
0,1476
0,697
0,2370
0,3125
0,2343
0,2748
0,2110
0,1301
0,2948
0,294
0,1285
0,2369
0,1680
0,184
0,1672
0,1758
0,246
0,1215
0,1409
0,709
0,1165
0,358
0,3011
0,423
0,118
0,3022
0,1275
0,2478
0,1951
0,1050
0,2601
0,2965
0,671
0,506
0,3109
0,876
0,1627
0,891
0,1295
0,1864
0,3167
0,1721
0,1124
0,31
0,579
0,3092
0,1955
0,810
0,2331
0,2566
0,932
0,2863
0,2856
0,1807
0,982
0,1860
0,3201
0,2335
0,1194
0,1603
0,2406
0,2210
0,739
1,1691
1,1533
1,143
1,150
1,1078
1,1732
1,2095
1,262
1,159
1,1211
1,2411
1,2256
1,2768
1,530
1,2065
1,1626
1,1247
1,864
1,2395
1,2463
1,453
1,2188
1,2945
1,1740
1,2531
1,2795
1,2351
1,2052
1,517
1,2738
1,81
1,920
1,650
1,2626
1,1813
1,2383
1,1581
1,3048
1,2197
1,1389
1,2700
1,1429
1,1760
1,757
1,1531
1,2136
1,1627
1,630
1,2650
1,960
1,2685
1,1073
1,1507
1,258
1,1573
1,854
1,2840
1,2500
1,1990
1,2631
1,984
1,2589
1,2058
1,664
1,443
1,1092
1,1121
1,555
1,1781
1,2992
1,2974
1,1521
1,2048
1,1588
1,2107
1,2478
1,3177
1,1274
1,636
1,68
1,3218
1,1138
1,1094
1,765
1,1098
1,1871
1,2458
1,2853
1,2603
1,94
1,1224
1,2113
1,962
1,1941
1,328
2,446
2,376
2,5
2,2605
2,478
2,1596
2,1770
2,2598
2,737
2,2398
2,947
2,3061
2,1179
2,1549
2,2159
2,461
2,2922
2,63
2,773
2,3173
2,2639
2,6
2,1074
2,2084
2,1900
2,979
2,927
2,111
2,1677
3,2641
3,1342
3,1237
3,2449
3,635
3,33
3,2663
3,2220
3,2664
3,3110
3,439
3,2385
3,549
3,2207
3,540
3,405
3,61
3,2866
3,1486
3,187
3,3113
3,2144
3,14
3,103
3,1212
3,3175
3,568
3,468
3,2387
3,1138
3,5
3,597
3,2705
3,2331
3,3082
3,2378
4,503
4,2434
4,517
4,235
4,2773
4,2445
4,1390
4,2783
4,1327
4,2735
4,735
4,845
4,1881
4,2936
4,2053
4,2373
4,1376
4,1096
4,933
4,2481
4,874
4,2194
4,2108
4,1713
4,2052
4,1424
4,3028
4,2042
4,1277
4,2419
4,2756
4,734
4,1471
4,2439
4,1997
4,1531
4,2533
4,1274
4,544
4,1992
4,3037
4,1776
4,365
4,1950
4,3105
4,2284
4,1178
4,2211
4,185
4,1942
4,646
4,512
4,2881
4,3067
4,1687
4,261
4,34
4,901
4,2791
4,2442
4,2045
4,2542
4,1104
4,1767
4,284
4,74
4,1933
4,2940
4,1398
4,1981
4,3183
4,1346
4,1053
4,439
4,991
4,3210
4,1803
4,2540
4,239
4,704
4,238
5,1850
5,1920
5,2284
5,2828
5,1932
5,424
5,2381
5,1954
5,307
5,1171
5,653
5,2265
5,145
5,2979
5,1279
5,1035
5,1159
5,2936
5,898
5,1478
5,674
5,1935
5,1566
5,874
5,84
5,2575
5,1373
5,1580
5,1183
5,3097
5,1103
5,1409
5,195
5,2131
5,3100
5,2642
5,2160
5,1774
5,1228
5,434
6,303
6,1584
6,2000
6,2831
6,849
6,2116
6,2523
6,1354
6,100
6,1501
6,1680
6,2761
6,1022
6,1967
6,3021
6,1545
6,3099
6,1966
6,1263
6,3080
6,735
6,496
6,1875
6,914
6,2690
6,240
6,2060
6,1962
6,3107
6,3070
6,367
6,990
6,2118
6,2161
6,2226
6,1075
6,282
6,195
6,101
6,690
6,421
6,2274
6,2933
6,2332
6,2801
6,68
6,548
6,1063
6,1242
6,1526
6,851
6,1963
6,2663
6,2423
6,905
6,1494
6,2656
6,1696
6,2458
6,2617
6,104
6,1090
6,2261
6,3254
6,604
7,2736
7,1113
7,2587
7,2361
7,347
7,830
7,926
7,2500
7,1715
7,2252
7,1741
7,95
7,1599
7,1109
7,2793
7,1263
7,2601
8,2234
8,1129
8,1413
8,2900
8,1688
8,248
8,999
8,2377
8,2208
8,2936
8,479
8,257
8,1921
8,3201
8,1569
8,2175
8,3080
8,2589
8,747
8,2687
8,2281
8,621
8,35
9,1409
9,1041
9,1417
9,2754
9,2199
9,2149
9,631
9,2086
9,1985
9,472
9,1907
9,2999
9,831
9,3165
9,1028
9,2508
9,534
9,1706
9,1184
9,45
9,2134
9,1231
9,142
9,764
9,1901
9,3187
9,2647
9,2368
9,1689
9,1006
9,799
9,1863
9,119
9,1345
10,278
10,696
10,1102
10,125
10,148
10,865
10,928
10,1099
10,667
10,2356
10,1819
10,227
10,357
10,765
10,1893
10,2787
10,41
10,945
10,2288
10,3044
10,1109
10,352
10,2969
10,541
10,564
10,1166
10,421
10,446
10,1558
10,1855
10,439
10,3131
10,2802
10,843
10,1972
10,1167
10,422
10,268
10,1160
10,2296
10,2607
11,114
11,2878
11,307
11,2270
11,906
11,2153
11,1796
11,1450
11,1748
11,2848
11,1440
11,2561
11,1020
11,2838
11,43
11,2306
11,1099
11,2955
11,663
11,157
11,334
11,2028
11,689
11,105
11,859
11,2459
11,957
11,3133
11,1898
11,242
11,1799
11,2883
11,325
11,2925
12,964
12,335
12,2255
12,2808
12,2036
12,877
12,788
12,105
12,1853
12,1224
12,874
12,2035
12,830
12,3076
12,2406
12,1484
12,1295
12,2115
12,1078
12,2481
12,1157
12,67
12,1501
13,1688
13,1231
13,1567
13,117
13,2705
13,2235
13,1323
13,143
13,1810
13,441
13,1734
13,1381
13,549
13,480
13,2310
13,774
13,509
13,1478
13,2243
13,500
13,2071
13,760
13,816
14,655
14,821
14,1305
14,2698
14,695
14,37
14,2972
14,2656
14,268
14,2338
14,2045
14,943
14,2588
14,852
14,2070
14,854
14,2223
14,2933
14,1919
14,1110
14,2619
14,390
14,3179
14,227
15,818
15,1721
15,2210
15,445
15,1392
15,1303
15,149
15,551
15,1832
15,1298
15,590
15,204
15,164
15,1424
15,1936
15,2254
15,2933
15,2330
15,637
15,717
15,1916
15,782
15,2596
15,1237
15,733
15,1373
15,1499
15,2045
15,632
15,2866
15,135
15,144
15,2221
15,1502
15,876
15,1183
15,90
15,1646
15,1098
15,1113
15,1362
15,1992
15,1087
15,222
15,2474
15,506
15,321
15,1500
15,2666
15,116
16,1165
16,2139
16,2520
16,2811
16,2910
16,139
16,230
16,742
16,840
16,171
16,2492
16,2092
16,1704
16,2341
16,2188
16,2040
16,599
16,1825
16,285
16,1395
16,2561
16,2497
16,254
16,2998
16,433
16,1269
16,3093
16,1525
16,3030
16,870
16,1556
16,1589
16,1008
16,2044
16,72
16,2081
16,173
16,3103
16,2466
16,2250
16,1660
16,1473
16,2672
16,661
16,3056
16,2065
16,767
16,2721
16,2116
16,1578
16,1202
16,1365
16,2215
16,354
16,48
16,2496
16,479
16,154
17,1820
17,1646
17,1522
17,2904
17,2936
17,2775
17,31
17,568
17,2509
17,1169
17,1412
17,1499
17,2325
17,1449
17,2730
17,30
17,1130
17,1560
17,2630
17,1667
17,2967
17,2523
17,1881
17,1445
17,876
17,1447
17,2250
17,730
17,2843
17,274
18,2554
18,1483
18,1881
18,1188
18,121
18,1556
18,2490
18,2250
18,1034
18,370
18,2676
18,2962
18,1215
18,2286
18,2460
18,2635
18,237
18,1749
18,495
18,1179
18,3058
18,224
18,2533
18,3015
18,2209
18,3217
18,1532
18,1104
18,558
19,673
19,1098
19,244
19,1769
19,271
19,2805
19,1249
19,1256
19,640
19,1102
19,296
19,2112
19,2708
19,64
19,2719
19,541
19,602
19,1611
19,206
19,2830
20,1715
20,492
20,685
20,703
20,2446
20,2687
20,355
20,3010
20,2544
20,2159
20,1673
20,1209
20,2455
20,1943
20,2655
20,1540
20,1070
20,1784
20,2818
20,1974
20,2015
20,1410
20,106
20,2524
20,381
21,2643
21,2634
21,1886
21,2845
21,2777
21,902
21,3046
21,302
21,2695
21,92
21,1152
21,680
21,1712
21,1031
21,2066
21,524
21,2353
21,2136
21,3252
22,777
22,2644
22,92
22,259
22,249
22,303
22,498
22,573
22,1036
22,880
22,1391
22,3153
22,2666
22,2981
22,1112
22,955
22,2901
22,352
22,404
22,916
22,2800
22,1026
22,1292
22,3003
22,2989
23,58
23,872
23,802
23,26
23,2526
23,1737
23,782
23,744
23,196
23,493
23,2332
23,2156
23,3079
23,2497
23,1095
23,2792
24,967
24,119
24,1239
24,921
24,1022
24,2274
24,1577
24,2425
24,356
24,231
24,342
24,2566
24,2581
24,626
24,261
24,3216
24,2471
24,2436
24,2453
24,1441
25,2882
25,2447
25,175
25,2548
25,160
25,521
25,71
25,1998
25,169
25,1359
25,26
25,1645
25,1708
25,396
25,2192
25,3042
25,1199
25,2542
25,1279
25,305
25,1714
25,398
25,2957
25,2659
25,2222
25,1546
25,37
25,1652
25,730
25,2932
25,2643
25,2260
25,616
25,965
26,1482
26,589
26,330
26,1315
26,1181
26,2577
26,818
26,1984
26,2940
26,2365
26,1178
26,2370
26,2437
26,292
26,1886
26,1651
26,3049
26,1187
26,2366
26,720
26,2478
26,1846
26,1900
26,916
26,427
26,435
26,2236
26,1109
26,2443
26,2905
26,2505
26,1805
26,91
26,131
26,328
26,2871
26,734
26,523
26,973
26,1710
26,1491
26,2346
26,1263
26,1167
27,1641
27,731
27,785
27,1396
27,1477
27,2745
27,2429
27,2754
27,2835
27,1994
27,326
27,84
27,1229
27,3009
27,2746
27,2420
27,335
27,1691
27,1732
27,1096
27,521
27,3077
27,1086
27,1704
27,316
27,126
27,1627
27,2606
27,2685
27,865
27,1785
27,2012
27,1483
27,2268
27,2930
27,980
27,2504
27,2069
27,2665
27,2211
27,2863
27,2110
27,901
28,540
28,354
28,1257
28,1736
28,235
28,421
28,1593
28,528
28,858
28,2557
28,2597
28,601
28,1275
28,1932
28,1544
28,2218
28,931
28,2002
28,629
28,1762
29,729
29,1501
29,66
29,1734
29,2028
29,2724
29,1911
29,1628
29,380
29,1272
29,837
29,2420
29,2506
29,781
29,227
29,1905
29,866
29,939
29,1653
29,644
29,1436
29,1362
29,1860
29,1897
29,2935
29,126
29,738
30,457
30,1422
30,1985
30,926
30,539
30,36
30,1726
30,780
30,581
30,249
30,1945
30,1841
30,1409
30,3135
30,2568
31,2629
31,2381
31,149
31,931
31,2890
31,300
31,1763
31,52
31,2940
31,2910
31,996
31,219
31,2026
31,2914
31,2725
31,598
31,975
31,197
31,2877
31,2631
31,2612
31,2100
31,2778
31,172
31,677
31,399
31,403
31,2952
31,1902
32,422
32,2249
32,910
32,2476
32,2526
32,2894
32,1538
32,1311
32,886
32,1722
32,616
32,1150
32,53
32,555
32,971
32,3194
32,289
32,1583
32,2322
32,2810
33,954
33,1537
33,1140
33,144
33,3029
33,1608
33,1189
33,154
33,821
33,1643
33,2389
33,2014
33,2121
33,493
33,43
33,1041
33,2496
33,264
33,1085
33,860
33,59
33,1639
33,1303
33,1032
33,2075
33,1122
33,2970
33,2226
34,282
34,644
34,762
34,3103
34,682
34,698
34,1820
34,326
34,2188
34,284
34,1424
34,1085
34,119
34,2700
34,859
34,1130
34,570
34,2249
35,561
35,745
35,661
35,1224
35,601
35,2493
35,589
35,2289
35,2315
35,2782
35,2382
35,1728
35,1479
35,838
35,70
35,1240
35,351
35,190
35,48
35,2365
35,865
35,533
35,2080
35,1735
35,654
35,2461
35,1341
35,991
35,2952
36,1528
36,3086
36,1925
36,1374
36,2550
36,2050
36,517
36,221
36,1139
36,912
36,2418
36,3048
37,390
37,407
37,98
37,1591
37,51
37,300
37,170
37,3082
37,127
37,870
37,3039
37,3051
37,902
37,2965
38,56
38,1749
38,2357
38,429
38,1981
38,1957
38,1264
38,1826
38,1192
38,2457
38,1994
38,713
38,274
38,3179
39,265
39,2448
39,2659
39,2679
39,533
39,894
39,602
39,2256
39,376
39,2953
39,1282
39,722
39,216
39,1299
39,1757
39,1747
39,1666
39,1317
39,1082
39,1919
39,2606
39,1777
39,2828
39,985
39,1709
39,2642
39,130
39,1363
39,1823
40,1586
40,1467
40,2727
40,88
40,1271
40,1861
40,2167
40,912
40,2386
40,143
40,1831
40,2039
40,2121
40,808
40,2704
40,415
40,87
41,48
41,2688
41,956
41,158
41,2230
41,210
41,1116
41,634
41,2382
41,859
41,1976
41,2090
41,2011
41,565
41,286
41,841
41,1748
41,1310
41,1776
41,1585
41,2169
41,84
41,2572
41,732
41,2543
41,3169
41,1877
42,2193
42,1095
42,2730
42,1787
42,2657
42,612
42,2021
42,578
42,1796
42,1302
42,1585
42,617
42,729
42,1035
42,979
42,1532
42,1988
42,1425
43,82
43,2413
43,548
43,1063
43,2046
43,419
43,990
43,1547
43,1786
43,2867
43,169
43,2296
43,2797
43,981
43,2845
43,1373
43,2793
43,1410
43,2464
43,2436
43,269
43,715
43,2902
43,2326
43,948
43,2343
43,1166
44,1199
44,60
44,1220
44,2841
44,2027
44,2542
44,3122
44,2146
44,2734
44,258
44,1360
44,3027
44,2807
44,961
44,2188
44,1316
44,351
45,1987
45,2585
45,1584
45,815
45,1999
45,2100
45,1855
45,358
45,2384
45,1322
45,2276
45,2826
45,953
45,119
45,864
45,2615
45,854
45,3172
45,746
46,1797
46,2117
46,387
46,2594
46,503
46,1149
46,2039
46,868
46,2326
46,2370
46,1801
46,2275
46,3005
46,1430
46,1778
46,2130
46,1989
46,1706
46,547
47,1121
47,1290
47,96
47,436
47,2067
47,60
47,2621
47,2785
47,342
47,3014
47,1818
47,2449
47,953
47,1380
47,3048
48,623
48,682
48,1580
48,804
48,2626
48,1665
48,3149
48,3070
48,1120
48,1253
48,213
48,103
48,348
48,80
48,2731
48,2352
48,876
48,2844
48,1024
48,2651
48,2322
49,2455
49,1737
49,2779
49,420
49,858
49,216
49,2820
49,1815
49,1331
49,1446
49,1261
49,952
49,2320
49,2757
49,2449
49,2945
49,275
49,422
49,1711
49,2505
49,1301
49,1777
49,625
49,1415
49,986
49,2502
49,160
49,1752
49,1436
49,2374
49,606
49,291
49,284
49,510
49,719
49,2322
49,1276
49,675
49,1529
49,1009
49,1471
49,1371
49,3171
49,2478
50,2563
50,923
50,1212
50,2695
50,2759
50,1447
50,668
50,809
50,1957
50,2508
50,2912
50,2370
50,1276
50,53
50,2045
50,757
50,2436
50,2347
50,2138
50,2411
50,1363
50,2339
50,273
50,1414
50,1059
50,79
50,1800
50,2280
51,216
51,2271
51,693
51,524
51,1285
51,1985
51,1227
51,1129
51,2247
51,1814
51,467
51,1284
51,968
52,296
52,1820
52,257
52,1800
52,2483
52,2785
52,2309
52,2755
52,874
52,2191
52,132
52,1690
52,1201
52,62
52,56
52,1227
52,357
52,2562
52,1051
52,447
52,1414
52,2058
53,1120
53,2072
53,1514
53,1876
53,136
53,1240
53,2571
53,1379
53,2181
53,179
53,100
53,1523
53,2980
53,1495
54,2750
54,933
54,2151
54,2000
54,131
54,189
54,2742
54,408
54,2147
54,3018
54,888
54,1014
54,158
54,1879
54,602
54,2295
54,327
54,2060
54,1271
54,2413
55,2230
55,1277
55,1096
55,2904
55,2851
55,1118
55,315
55,934
55,1275
55,2381
55,1030
55,1251
55,1984
55,2672
55,1349
55,1542
55,1608
55,232
55,1345
55,1530
55,2369
55,1370
55,1541
55,3074
56,630
56,2108
56,2149
56,1636
56,2303
56,876
56,381
56,2318
56,3032
56,779
56,2148
56,1762
56,1724
56,1715
56,2019
56,536
56,1548
56,1663
56,1068
56,891
56,1250
57,630
57,718
57,181
57,232
57,77
57,1433
57,2081
57,92
57,2576
57,2374
57,2971
57,1286
57,2088
57,3031
57,3144
57,766
57,68
57,627
57,1178
58,1128
58,2609
58,944
58,238
58,424
58,2323
58,3132
58,518
59,1909
59,2490
59,1972
59,2104
59,1219
59,2656
59,604
59,947
59,1760
59,700
59,3181
60,1770
60,1944
60,2404
60,1680
60,2698
60,1476
60,2091
60,1649
60,1164
60,965
60,1066
60,2971
60,1728
60,226
60,1257
60,281
60,968
61,1194
61,845
61,2607
61,424
61,1997
61,712
61,1751
61,909
61,1840
61,1072
61,1028
61,158
61,2253
61,2047
61,472
61,3046
61,2940
61,2212
61,2383
61,196
61,1026
61,641
61,293
61,1018
61,1296
62,207
62,1546
62,2763
62,1769
62,222
62,1129
62,686
62,1845
62,1381
62,2594
62,1185
62,1045
62,821
62,1649
62,2114
62,820
62,2590
62,1588
62,1647
62,902
62,1144
62,66
62,1123
62,2369
62,3025
62,414
62,1135
62,700
62,3222
63,783
63,66
63,2158
63,1478
63,2386
63,172
63,1140
63,3077
63,1965
63,1293
63,2144
64,638
64,2121
64,175
64,2537
64,2959
64,683
64,1113
64,692
64,1942
64,2838
64,124
64,3125
64,507
64,3191
64,869
64,2013
64,2242
64,1277
64,1444
64,2617
65,2060
65,2686
65,499
65,2466
65,2570
65,2709
65,2910
65,1372
65,2731
65,2167
65,2477
65,2911
65,2168
65,173
65,833
65,777
65,2278
65,1348
65,372
65,1004
65,2869
65,183
66,2432
66,2225
66,1462
66,1350
66,1057
66,2341
66,1479
66,138
66,2889
66,2946
66,1074
66,370
66,2756
66,507
66,1642
66,2770
66,650
66,2441
66,3158
66,3171
66,1841
66,2851
66,1747
66,1114
66,2530
66,342
66,1090
66,227
66,2366
67,1470
67,732
67,476
67,110
67,1754
67,1809
67,2261
67,1003
67,2211
67,1123
67,2286
67,837
67,153
67,99
67,3008
68,1242
68,2071
68,2058
68,2976
68,2196
68,1741
68,2996
68,2886
68,1727
68,2918
68,2384
68,505
68,1972
68,723
68,110
68,2638
68,1517
68,1516
68,1913
68,638
68,1368
68,1771
68,2944
68,1579
69,953
69,1710
69,1049
69,1138
69,2313
69,627
69,2135
69,1783
69,2612
69,682
69,2043
69,2939
69,218
69,2530
69,613
69,1100
69,2190
69,1343
69,812
69,572
69,693
69,1284
69,680
69,1066
69,811
69,2657
69,2980
69,564
69,111
69,2777
69,1749
69,244
69,500
69,260
69,911
69,630
69,1911
69,3129
69,1651
70,1873
70,1080
70,1238
70,2847
70,1341
70,3054
70,474
70,1574
70,1992
70,2135
70,2584
70,2453
71,667
71,2503
71,1168
71,2053
71,517
71,672
71,1871
71,1630
71,1073
71,821
71,587
71,722
71,1722
71,2070
71,1480
72,2345
72,2843
72,1582
72,1596
72,1711
72,2866
72,2741
72,443
72,1819
72,2976
72,3002
72,2792
72,2341
72,570
72,2271
72,296
72,3019
72,1720
73,1459
73,3124
73,267
73,757
73,399
73,2088
73,76
73,2804
73,167
73,2089
73,2693
73,1936
73,2998
73,417
73,94
74,1735
74,2311
74,81
74,1410
74,150
74,2650
74,265
74,1077
74,2959
74,1235
74,744
74,233
75,1890
75,729
75,2328
75,2083
75,1855
75,1987
75,504
75,1371
75,2321
75,3110
75,2955
75,413
75,2978
75,704
75,3100
75,2186
75,674
75,1638
75,720
75,2305
75,2766
75,2477
76,1991
76,672
76,1127
76,730
76,2280
76,1082
76,1280
76,780
77,2315
77,250
77,1141
77,2677
77,2780
77,719
77,631
77,197
77,700
77,1145
77,2826
77,2991
77,2423
77,483
77,2176
77,630
77,898
77,247
77,548
77,2068
77,1469
77,303
77,1579
77,2505
77,1122
77,868
77,775
77,149
77,3177
77,2116
78,2163
78,1913
78,157
78,732
78,1669
78,1789
78,101
78,2224
78,2278
78,2564
78,1021
78,477
78,2491
78,900
78,1011
78,1857
78,917
78,2758
78,894
78,88
78,115
78,1326
78,905
78,346
78,557
79,2264
79,1642
79,426
79,715
79,1861
79,243
79,81
79,1648
79,904
79,753
79,1993
79,2903
79,1987
79,2635
79,111
79,518
80,2021
80,2327
80,2168
80,2771
80,961
80,2895
80,159
80,491
80,345
80,2830
80,1048
80,2820
80,164
80,1592
80,1936
80,1277
80,183
80,2193
80,2819
81,87
81,651
81,1001
81,1332
81,2263
81,2768
81,156
81,686
81,795
81,202
81,1863
81,2628
81,1740
81,1959
81,647
81,2168
81,2152
81,952
81,3032
81,2984
81,266
82,1297
82,1172
82,2478
82,2919
82,1226
82,449
82,1176
82,2739
82,1407
82,2554
82,2334
82,1340
82,1402
82,2811
82,2483
82,797
82,2269
82,322
82,2134
82,2067
82,2098
83,2216
83,89
83,304
83,1167
83,140
83,2975
83,2038
83,1457
83,2311
83,1898
83,1708
83,1426
83,3017
83,2610
83,122
84,1963
84,2855
84,614
84,2968
84,1558
84,1246
84,1783
84,843
84,1488
84,220
84,133
84,1773
84,1331
85,1279
85,286
85,524
85,1597
85,370
85,900
85,461
85,563
85,410
85,1628
85,1313
85,1584
85,612
85,1907
85,249
85,130
85,2538
85,1281
85,954
85,2026
85,359
85,193
85,848
86,1804
86,1230
86,577
86,1196
86,1718
86,2149
86,139
86,1933
86,140
86,257
86,1502
86,3167
86,3009
86,2882
86,301
86,714
86,3064
87,1946
87,1403
87,1625
87,109
87,2130
87,346
87,2035
87,2437
87,1044
87,1654
87,2936
87,2108
87,2651
87,2906
87,1384
87,1328
87,651
87,1970
88,2203
88,366
88,416
88,840
88,2366
88,919
88,1823
88,2597
88,2917
88,2631
88,2609
88,3102
88,2552
88,1755
89,2631
89,2438
89,1034
89,1434
89,611
89,677
89,2458
89,2950
89,694
89,658
89,342
90,1176
90,178
90,538
90,2512
90,235
90,773
90,2376
90,3117
90,2133
91,357
91,1758
91,2187
91,1272
91,106
91,1629
91,1027
91,313
91,1008
91,211
91,1741
91,861
91,1312
91,851
91,956
91,3159
91,3043
91,2836
91,908
91,238
92,407
92,964
92,410
92,3079
92,2497
92,1455
92,223
92,2436
92,1345
92,3193
92,2484
92,254
92,1717
92,100
92,910
92,2686
92,2314
92,1643
93,412
93,598
93,325
93,2995
93,2349
93,1336
93,1736
93,1491
93,1499
93,1052
93,413
93,1139
94,2711
94,195
94,1269
94,235
94,1627
94,2641
94,1115
94,2202
94,1513
94,1276
94,692
94,1014
94,269
94,3071
94,1725
94,149
95,2586
95,1409
95,376
95,3110
95,378
95,3040
95,919
95,392
95,2345
95,1498
95,299
95,325
95,2902
95,1989
95,387
96,1749
96,2413
96,1477
96,1077
96,1501
96,2065
96,2234
96,2565
96,2317
96,2945
96,514
96,720
96,810
96,3201
96,2464
96,1826
96,2784
96,171
96,1687
97,1536
97,2049
97,1568
97,2071
97,103
97,3002
97,2072
97,1346
98,476
98,1047
98,346
98,845
98,1701
98,3199
98,355
98,544
98,2437
99,369
99,1449
99,1641
99,2233
99,1962
99,1809
99,1515
99,1897
99,632
99,2487
99,1703
99,675
100,2317
100,1564
100,2232
100,2789
100,1990
100,1739
100,2241
100,823
100,1164
100,2235
100,2203
100,1348
100,1021
100,308
100,904
100,3092
100,2268
100,2011
100,2554
100,2563
100,422
100,2757
101,1323
101,1124
101,2602
101,2763
101,2291
101,139
101,2415
101,930
101,203
101,115
101,2999
101,2056
101,1472
101,1407
101,2757
101,778
102,1305
102,108
102,535
102,1966
102,851
102,2611
102,2985
102,2686
102,1836
102,1303
102,1496
102,1612
102,1710
102,3135
103,671
103,1095
103,1058
103,789
103,2286
103,1524
103,1611
103,2302
103,621
103,2470
103,3202
103,122
103,944
103,2808
103,564
103,1032
104,2810
104,3094
104,2576
104,993
104,897
104,2878
104,1358
104,1170
104,383
105,893
105,2452
105,2880
105,626
105,2992
105,1471
105,2078
105,803
105,2603
105,521
106,2544
106,1521
106,1374
106,883
106,2092
106,2423
106,1462
106,1723
106,2040
106,1549
106,2415
107,592
107,1149
107,190
107,2440
107,2650
107,289
107,3131
107,2774
107,211
108,2026
108,2742
108,3091
108,473
108,3158
108,1094
109,855
109,2480
109,755
109,1033
109,1051
109,294
109,2744
109,1008
109,677
109,1253
109,416
110,2263
110,2666
110,530
110,1483
110,1793
110,1927
110,2497
110,1864
110,354
110,446
110,3073
110,144
110,780
110,1930
111,292
111,2535
111,2035
111,3038
111,1930
111,712
111,2212
111,1786
111,1051
111,2962
111,2641
111,848
111,3216
111,787
111,1364
111,1803
111,153
112,1432
112,1558
112,1910
112,1595
112,1406
112,2228
112,1393
112,2960
112,1102
112,1082
112,1219
112,1399
112,1654
112,442
112,2797
112,250
112,2383
112,2271
112,2539
112,675
112,237
113,2142
113,337
113,1746
113,1149
113,1337
113,3107
113,888
113,2358
113,2250
113,3177
113,1583
113,1944
113,2607
114,2634
114,2705
114,1117
114,568
114,2910
114,2069
114,2478
114,1457
114,2208
114,1569
114,2286
114,2607
114,1280
114,931
114,817
114,1596
114,2944
114,545
114,1498
114,2313
114,1747
114,3027
114,2726
114,1786
115,721
115,945
115,1768
115,156
115,394
115,2031
115,1510
115,2185
115,2819
115,3135
116,184
116,2714
116,1065
116,1717
116,2703
116,1277
116,2850
116,675
116,984
117,2484
117,2129
117,1413
117,2839
117,2233
117,2546
117,1793
117,1031
117,242
117,1674
117,2330
118,2507
118,1936
118,553
118,2907
118,2993
118,913
118,2353
118,262
118,1527
118,2849
119,2535
119,424
119,140
119,500
119,1869
119,1357
119,1279
119,1393
119,1466
119,1313
119,269
119,193
119,2676
120,2407
120,706
120,246
120,2874
120,746
120,293
120,1568
120,1684
120,1739
120,1737
121,773
121,237
121,433
121,954
121,1101
121,2223
122,581
122,2319
122,1373
122,2535
122,2442
122,2487
122,2530
123,426
123,2051
123,2830
123,273
123,224
123,2752
123,2971
123,1581
123,1306
123,3055
124,2997
124,2006
124,1609
124,447
124,2596
124,473
124,2635
124,1736
124,2240
125,748
125,2818
125,1599
125,3200
125,601
125,1888
125,931
125,1207
125,2333
125,392
126,2269
126,591
126,2181
126,1403
126,2780
126,224
126,1355
126,771
126,1558
126,1138
126,2865
126,1939
127,2099
127,2919
127,1918
127,1913
127,2233
127,2817
127,2377
127,2198
127,1662
127,838
127,891
128,1976
128,1612
128,2707
128,907
128,1897
128,1146
128,2858
128,233
128,301
128,914
128,841
128,1259
128,3095
128,880
128,1368
128,2703
128,2584
129,2779
129,195
129,2634
129,571
129,1070
129,2928
129,512
129,644
129,1674
129,1607
129,952
129,1559
129,2009
130,2437
130,1975
130,1082
130,3095
130,626
130,759
130,736
130,2875
130,1621
130,2472
130,2775
131,297
131,2970
131,315
131,327
131,1248
131,2880
131,431
131,348
131,1446
131,542
131,1847
131,694
131,2174
131,418
132,711
132,135
132,2939
132,2606
132,1374
132,563
132,2372
132,603
132,1843
132,1132
132,3090
132,1178
132,2895
132,2530
133,2666
133,2011
133,1545
133,726
133,3061
133,1016
133,1043
133,2159
133,647
133,2748
133,1948
134,1109
134,1302
134,151
134,1816
134,475
134,673
134,2240
134,1517
134,150
135,1695
135,495
135,606
135,284
135,717
135,1953
135,537
136,2945
136,2842
136,2798
136,2232
136,3053
136,1195
136,1246
136,552
136,1809
136,931
136,140
136,2641
136,1804
137,358
137,420
137,1612
138,1238
138,1547
138,991
138,2479
138,527
138,2316
138,721
138,543
139,1659
139,2913
139,2138
139,1088
139,2278
139,2761
139,1155
139,1161
139,1224
139,2854
139,1700
140,2136
140,2118
140,916
140,2776
140,310
140,2181
140,1674
140,221
140,2793
140,244
140,847
140,2178
140,3056
140,1684
140,1536
140,1740
140,982
140,1967
140,746
140,1815
140,1837
141,2285
141,2384
141,1569
141,2769
141,1767
141,726
141,680
141,2325
141,190
141,1959
141,518
141,2187
141,3212
141,1381
141,593
141,1293
141,145
142,1133
142,1152
142,1187
142,2726
142,1195
142,572
142,1121
142,2187
142,515
143,377
143,340
143,2898
143,388
143,542
143,1685
143,1219
143,3088
143,455
143,318
143,3074
143,1124
143,1866
143,2396
144,2317
144,3021
144,765
144,1759
144,2933
144,383
144,1691
144,1056
144,731
144,3207
144,1832
145,1560
145,1712
145,1672
145,1877
145,2152
145,2072
145,405
145,1122
145,2299
145,2082
145,2667
145,2745
146,249
146,2030
146,529
146,1454
146,2394
146,2940
146,2302
147,1837
147,213
147,2621
147,425
147,3130
147,1201
147,2189
147,1909
147,205
147,2521
147,3218
147,803
147,510
147,2900
147,1866
147,1988
147,192
147,1621
148,1573
148,733
148,2050
148,1318
148,2792
148,2769
148,1627
148,3044
148,186
148,556
149,2913
149,249
149,1180
149,3109
149,1945
149,485
149,3054
149,227
149,2690
149,2746
150,676
150,2533
150,1370
150,1635
150,981
150,193
150,2541
150,2494
150,2088
151,487
151,2778
151,2302
151,190
151,1581
151,3083
151,2983
151,1532
151,2764
151,1368
151,257
151,1992
151,1174
151,3076
151,2483
152,814
152,2380
152,201
152,234
152,869
152,2268
152,1296
152,283
152,2108
152,1150
152,1780
152,611
152,1929
153,191
153,311
153,2705
153,1206
153,668
153,1881
153,1154
153,590
153,2068
153,1461
153,658
153,1726
153,1811
153,3200
154,179
154,2584
154,2270
154,1069
154,2814
154,1034
154,503
154,2295
154,916
154,1425
154,2802
154,3137
154,2131
155,1344
155,185
155,195
155,780
155,1899
155,3109
155,604
155,670
155,2843
155,1574
155,3039
155,1501
156,803
156,2300
156,2946
156,889
156,536
156,1834
156,2941
156,2336
156,3216
157,2654
157,2490
157,507
157,1240
157,1143
157,2374
157,931
157,1440
157,2871
157,2164
157,3113
157,197
157,269
157,262
157,1931
157,318
157,1426
157,1271
157,2344
158,704
158,1790
158,1706
158,847
158,1210
158,2702
158,953
158,2529
158,1324
158,1652
158,2742
158,2968
158,1078
158,2600
159,455
159,1017
159,2607
159,260
159,1299
159,1490
159,1176
159,2077
159,1380
159,191
160,543
160,645
160,2854
160,2175
160,2958
160,1556
160,1404
160,880
160,2540
161,2275
161,2195
161,2139
161,1182
161,613
161,1325
161,1662
161,1439
161,2477
161,1081
161,781
161,426
161,2430
162,1608
162,461
162,1655
162,899
162,3165
162,699
162,1733
162,1397
162,3157
163,1678
163,2486
163,1624
163,1184
163,1001
163,1792
163,2434
163,2133
163,3223
163,826
163,565
164,1702
164,251
164,2429
164,354
164,1935
164,1872
164,917
165,407
165,2200
165,1512
165,1889
165,516
165,255
166,793
166,1868
166,1811
166,1304
166,2755
166,582
167,3051
167,2973
167,1068
167,2627
167,1711
167,2993
167,2338
167,2502
167,413
167,1331
167,762
168,1453
168,1391
168,2495
168,1198
168,245
168,577
168,3086
169,1522
169,2654
169,2875
169,2119
169,2529
169,3156
169,583
169,1295
169,244
170,695
170,185
170,1390
170,288
170,2534
170,2150
170,1076
171,2365
171,831
171,2235
171,2441
171,1401
171,1146
171,372
171,2854
171,1105
172,1315
172,1584
172,1170
172,2900
172,1977
172,1163
172,2066
172,2650
172,521
173,2898
173,1110
173,2103
173,2547
173,1255
173,2442
173,530
173,2794
173,1091
173,1512
173,2455
173,1108
173,2445
173,1334
174,2030
174,1101
174,1961
174,2613
174,1945
174,1173
174,762
174,293
174,3009
174,2420
174,1457
174,776
175,1838
175,2553
175,2149
175,2604
175,2182
175,554
175,1796
175,1340
175,1861
175,3163
176,1274
176,414
176,541
176,1260
176,2144
176,2554
176,2637
176,2411
176,1661
176,983
176,2359
176,460
176,2410
176,971
176,1584
176,235
177,1853
177,1176
177,226
177,314
177,1505
177,1928
177,2817
177,2839
177,806
177,3107
177,2002
177,1673
177,1192
177,1399
177,1899
177,1252
177,234
177,2976
178,1861
178,1945
178,2377
178,1758
178,732
178,1967
178,2147
178,2400
178,318
178,526
178,2701
178,2795
178,464
178,1849
178,927
179,2409
179,1470
179,2930
179,698
179,2097
179,2943
179,1875
179,307
179,1828
179,681
180,2336
180,1035
180,1201
180,2255
180,869
181,2648
181,2219
181,779
181,2152
181,2252
181,2167
181,192
181,994
181,569
181,2476
181,2596
181,2806
182,3054
182,2692
182,1709
182,1005
182,631
182,1559
183,1345
183,395
183,990
183,1193
183,326
183,982
183,992
183,1219
183,2390
183,799
184,2346
184,1847
184,1248
184,829
185,384
185,639
185,277
185,1701
185,1789
186,2743
186,250
186,218
186,2748
186,883
186,930
186,2357
186,812
186,296
187,2390
187,477
187,2809
187,2740
187,443
187,869
187,413
187,2088
187,1776
187,2832
187,746
188,1488
188,289
188,1078
188,2843
188,2063
188,777
188,1420
188,2628
188,1649
188,2274
188,1265
188,2044
188,1685
189,1641
189,2549
189,436
189,1458
189,504
189,2436
189,991
189,383
190,856
190,1731
190,441
190,1307
190,396
190,253
190,2499
190,1649
190,335
190,2030
191,1514
191,1241
191,1789
191,1346
192,1561
192,306
192,2416
192,672
192,2840
192,814
192,209
193,2305
193,1152
193,486
193,1896
194,323
194,1152
194,232
194,1336
194,625
194,1933
194,529
194,3071
194,528
194,908
194,2888
194,531
194,2650
194,2770
194,2817
194,859
195,1547
195,2522
195,2456
195,734
195,2308
195,219
196,2261
196,2420
196,303
196,618
196,1773
196,1340
196,534
196,3010
196,777
196,1018
196,1213
196,1490
197,251
197,2155
197,2209
197,3004
197,2462
197,2996
197,1977
197,2338
198,2868
198,2710
198,2793
198,301
198,1003
198,1120
198,2639
199,348
199,619
199,1139
199,2908
199,844
199,2439
199,1559
199,658
199,749
200,2415
200,250
200,1593
200,1138
200,1842
200,288
200,1711
201,2716
201,353
201,3056
201,1995
201,2097
201,624
201,1163
201,2347
201,2931
201,3014
201,2839
201,1501
201,2638
201,1241
202,514
202,1209
202,804
203,2131
203,1224
203,914
203,2359
203,302
203,1471
203,1006
203,2081
203,980
203,631
203,2373
203,2342
203,367
203,2208
203,2089
203,1718
203,2384
203,437
203,545
203,2230
204,1211
204,2163
204,2747
204,803
204,254
205,1014
205,1483
205,2882
205,1608
205,503
205,2977
205,1586
205,2265
206,2519
206,685
206,657
206,2601
206,2685
206,1222
206,1719
206,1415
206,3085
206,1216
206,2602
206,2513
206,832
206,2927
207,1322
207,2117
207,2486
207,1146
207,1504
207,2207
207,833
207,218
208,1414
208,2278
208,1801
208,481
208,2640
208,2024
208,287
208,904
209,1777
209,400
209,1722
209,994
209,1937
209,555
209,1812
209,581
209,628
209,394
209,2047
209,3031
210,1591
210,1318
210,599
210,1582
210,470
210,3081
210,946
211,800
211,1812
211,738
211,1655
211,2100
212,3134
212,3119
212,2004
212,3031
212,1229
213,2943
213,2134
213,3068
213,357
213,322
213,638
213,2532
213,2802
213,1461
214,1479
214,1149
214,1870
214,2741
214,3033
214,2579
214,2234
214,440
214,1940
214,1793
215,2010
215,2538
215,314
215,3186
216,311
216,665
216,1199
216,2017
216,609
216,390
216,2076
216,902
216,828
216,842
216,3016
217,2938
217,2330
217,392
217,1556
217,2135
217,1180
217,767
217,1838
217,536
218,2433
218,2606
218,1123
218,2868
219,2801
219,1647
219,506
219,2941
219,3097
219,1279
219,1612
219,225
219,952
219,3042
220,2567
220,2961
220,992
220,2983
220,2515
220,873
220,2105
220,1298
220,1076
221,498
221,1236
221,2093
221,2557
221,478
222,916
222,280
222,2967
222,999
222,1373
222,807
222,236
222,3073
223,2246
223,861
223,1058
223,2716
223,1933
223,1438
223,820
223,3243
223,739
223,2476
224,2177
224,2389
224,1993
224,2200
224,2588
224,882
225,860
225,2275
225,805
225,2549
225,1402
225,1729
225,529
226,1031
226,2777
226,355
226,313
227,280
227,2856
227,2748
227,236
227,1487
227,2306
227,948
227,3105
227,2546
228,336
228,2590
228,430
228,849
228,1234
228,1760
228,2770
229,1675
229,273
229,1291
229,859
230,1295
230,2433
230,1351
230,2492
231,1916
231,1214
231,2770
231,2346
231,1830
231,450
231,2624
232,581
232,1635
232,674
232,2973
232,734
232,1166
232,717
232,942
232,374
232,979
232,519
232,341
233,1829
233,1609
233,1695
233,594
233,1660
233,2499
233,994
233,2126
233,1321
233,2865
233,590
233,1165
234,2466
234,1329
234,1372
234,954
234,3221
234,1720
235,2241
235,855
235,478
235,2360
235,806
235,1211
235,2319
235,1917
235,3163
235,960
236,1320
236,2238
236,2650
236,2287
236,390
236,854
236,1497
237,1778
237,2889
237,417
237,2752
237,2469
237,2390
237,1510
237,2235
237,1986
238,553
238,788
238,3142
238,439
239,818
239,2210
239,2982
239,251
239,2333
239,2216
239,459
239,1415
239,2017
239,2595
239,1093
239,749
240,1426
240,1192
240,2393
240,2090
240,2597
240,2958
241,1619
241,1468
241,2213
241,716
241,572
241,316
241,1794
241,2072
242,2560
242,2958
242,265
242,1761
243,1795
243,646
243,1215
243,1380
243,1512
244,2862
244,2946
244,991
244,1927
244,1111
244,3008
245,1869
245,1274
245,1906
245,1520
245,3132
245,2145
245,1452
245,1845
245,522
246,826
246,333
246,510
246,3141
246,796
246,2899
246,2315
247,2802
247,2250
247,2063
247,731
248,2164
248,621
248,2388
248,2622
248,552
248,303
248,3030
248,312
248,3056
248,1466
248,2927
249,1102
249,1410
249,1616
249,2680
249,3096
249,2055
249,3198
249,1112
250,1897
250,2986
250,2745
250,2941
250,1248
250,488
250,1937
250,2940
250,683
251,810
251,355
251,496
251,1096
251,1056
251,2184
251,359
251,1829
252,668
252,419
252,2063
252,2712
252,305
252,293
252,3199
253,524
253,637
253,1631
253,981
253,2273
254,467
254,1351
254,2971
254,1079
255,302
255,1823
256,3112
256,2772
256,2005
256,3091
256,750
256,1866
256,1253
256,3082
256,371
257,619
257,636
257,1589
257,984
258,1121
258,2860
258,3144
258,2161
258,715
259,319
259,3134
259,936
260,1477
260,2453
260,1044
260,2297
261,1300
261,1042
261,1056
261,1211
261,1438
261,3129
261,1515
263,2453
263,1397
263,656
263,1161
263,783
263,2284
263,2722
263,564
263,2999
263,2450
263,856
264,384
264,1655
265,2232
265,2851
265,2113
265,2649
265,2252
265,1879
266,2194
266,2821
266,1582
266,3060
266,712
266,1720
266,1278
266,1279
266,1002
266,814
266,2611
267,1797
267,1927
267,1071
267,3095
267,610
267,2594
268,2681
268,1844
268,654
268,1216
269,323
269,673
269,439
270,2116
270,642
270,284
270,2035
270,2918
270,1001
270,634
270,3056
270,1316
270,274
270,3140
271,1900
271,2772
271,1355
272,969
272,876
272,1854
272,800
273,2615
273,1823
273,283
273,1895
273,2770
273,2579
274,1005
274,343
274,1834
274,336
274,1812
274,679
275,1393
275,2811
275,1601
275,662
275,660
275,962
275,1568
275,854
275,2425
275,543
276,628
276,3232
276,956
276,1173
276,2027
277,2285
277,2103
277,2307
277,808
277,2058
277,2725
277,920
277,2879
278,2727
278,437
278,1163
278,704
279,790
279,1970
279,2235
279,2449
279,550
279,2458
279,2232
279,2699
279,1510
280,2377
280,2216
280,1692
280,2803
281,1002
281,1295
281,2428
281,2491
281,1487
281,291
282,1780
282,1064
282,585
282,1751
282,3013
282,3173
282,3151
283,1928
283,629
283,1784
283,1184
283,1875
283,859
283,1589
283,2230
283,968
283,1447
284,1718
284,2053
284,2666
284,1086
284,2268
284,297
284,1266
284,1420
285,2775
285,2781
285,1430
285,1338
285,2706
286,1124
286,1650
286,2078
286,350
286,2504
286,3157
286,1943
286,2152
286,2693
287,667
287,636
287,1549
287,1291
287,1228
287,1809
288,2396
288,1176
288,1623
288,444
289,1611
289,2779
289,1490
289,449
290,2765
290,1615
290,1240
290,579
290,1563
290,1911
290,2565
290,880
290,1888
290,453
290,1712
290,689
290,3055
291,1167
291,1428
291,2311
291,1521
291,2298
291,2402
291,2118
291,1765
292,1981
292,355
292,1030
293,2280
293,1518
293,765
293,2508
293,2506
293,2166
293,2143
294,477
294,1033
294,1198
294,2962
294,332
294,862
295,418
295,1268
295,1109
295,1758
295,1320
295,1443
295,316
295,383
295,709
296,1950
296,2992
296,1185
296,2086
296,2179
296,1722
296,3140
296,3092
296,1702
296,492
296,1849
296,1694
297,1370
297,2503
297,1333
297,2815
297,491
297,1088
298,932
298,2750
298,2291
298,343
298,3110
298,1869
298,1820
298,584
298,850
298,3133
298,1517
299,468
299,1418
299,1432
300,2662
300,391
300,749
301,2483
301,2209
301,691
301,938
301,2543
301,3177
301,780
302,2391
302,409
302,2777
302,2988
302,794
302,374
302,1976
302,427
302,2573
303,354
303,356
303,1911
303,520
303,2764
303,693
303,873
304,2447
304,2694
304,368
304,2131
304,552
304,958
304,2012
304,2321
305,2474
305,1980
305,700
305,2713
305,1164
306,2579
306,661
306,1219
306,1677
306,1664
307,1854
307,980
307,2290
307,1314
307,1920
307,648
307,475
307,1592
308,372
308,1063
308,441
309,2890
309,2009
309,1760
309,1684
309,838
309,352
309,701
309,3071
310,1433
310,2539
310,1982
310,2665
310,3006
310,533
310,2697
311,2656
311,407
311,382
312,1750
312,842
312,2543
313,1831
313,1725
313,1504
313,496
314,852
314,2187
314,2113
314,1081
315,1763
315,1011
315,2386
315,450
315,1637
316,1107
316,1786
316,2420
316,3227
316,1200
317,2908
317,2765
317,2163
317,1417
317,2843
317,2449
317,2871
317,2037
317,770
317,2123
318,2434
319,740
319,2189
319,355
319,2348
319,2771
319,774
320,374
320,1819
320,494
320,852
321,1841
321,583
321,722
321,1173
321,2904
322,2703
322,1945
322,2120
323,808
323,1473
324,1594
324,2064
324,870
324,1647
324,2024
324,922
324,2223
324,2758
325,569
325,1168
325,3176
325,2164
326,2698
326,1812
326,418
327,2987
327,365
327,502
327,406
328,1326
328,2727
328,1969
328,1282
328,492
328,1426
328,2880
329,1184
329,2284
329,751
329,551
329,2178
329,1225
329,1280
329,2394
330,2646
330,1154
330,1856
330,1501
331,698
331,543
331,1742
331,3078
331,3135
331,1195
331,693
331,1629
331,546
332,2038
332,1744
332,2086
332,2381
332,2426
332,1177
333,2041
333,2000
333,2440
334,2353
334,981
334,2091
334,747
334,2275
334,2508
334,2485
334,524
334,2188
335,661
335,562
335,2040
335,908
336,2907
336,1514
336,2330
336,552
336,2710
336,474
337,378
337,1933
337,1635
337,3080
338,842
338,2239
338,1025
338,727
338,2745
339,1699
339,2960
339,1960
339,1385
339,1773
339,489
339,1876
340,2501
340,1557
340,605
340,2016
340,2360
340,1729
340,734
341,1414
341,472
341,899
341,642
341,598
341,889
341,1637
341,1103
341,2624
342,1462
342,2759
342,1579
342,662
342,398
343,1141
343,1789
343,2479
343,2786
343,1074
343,2824
344,1541
344,1539
344,1003
344,830
344,2472
344,1628
344,613
344,3117
345,931
345,679
345,2221
345,1769
345,2655
345,3258
345,642
346,1012
346,775
346,1719
347,1768
347,921
348,884
348,1951
348,2736
348,688
348,1172
348,2838
349,1404
349,1016
349,1989
349,2800
350,1284
350,2147
350,1189
350,1358
351,1671
351,2473
351,2425
351,2695
351,2721
352,2887
352,2160
352,1162
352,2298
353,378
354,621
354,2632
354,1483
354,1049
355,1545
355,1049
355,1395
355,2072
355,1875
355,1101
355,2426
355,1831
355,577
355,2830
356,1298
356,1398
356,809
356,684
356,699
356,1213
356,2310
356,492
357,1546
357,2335
357,2522
357,401
358,1407
358,925
358,2307
358,2103
358,2277
358,1185
358,978
358,934
358,2278
359,971
359,2326
359,380
360,2531
360,1951
360,1416
360,814
361,1963
361,789
361,2577
361,1101
361,492
361,2263
361,2077
361,3212
361,421
361,1036
362,473
362,2251
362,1664
363,382
363,394
363,411
364,802
364,1235
364,2720
364,2443
365,1837
365,1552
365,1165
365,940
366,1572
366,386
366,1882
366,745
366,406
366,2292
367,867
367,549
367,3184
367,1172
367,2648
368,1505
368,2570
368,2924
368,2335
368,1861
368,1400
368,491
369,656
369,1136
369,684
369,1627
369,2881
370,2628
370,1884
371,1372
371,1935
371,842
371,1715
371,2026
372,725
372,1798
372,1234
372,387
372,3207
373,1127
373,952
373,536
373,1030
374,1576
374,1529
374,2210
374,773
374,520
375,692
375,2022
375,1616
375,1228
376,2197
376,1590
376,1252
376,1270
376,3157
376,1372
376,721
377,1397
377,1281
377,664
377,931
378,956
378,1283
378,431
379,1781
379,1403
379,485
379,425
379,2165
380,1136
380,1499
380,735
381,2269
381,2974
381,1980
381,858
381,484
381,2791
381,1891
382,519
382,470
383,1213
383,469
383,1153
383,2900
383,3241
383,1150
383,960
383,2859
384,1716
384,2860
384,1689
385,2350
386,2885
386,680
386,2505
387,838
387,738
387,2269
387,2131
387,816
388,722
388,3014
389,759
389,2794
389,2907
390,2226
390,1988
390,1715
390,1456
391,721
391,3122
391,2442
391,426
391,2670
391,2521
392,2172
392,1999
392,587
392,733
392,2266
392,1280
392,3127
392,2884
392,521
393,1013
393,2306
394,1155
394,2535
394,2429
394,2309
395,3104
395,1685
395,1652
395,930
396,2483
396,2486
397,2093
397,2029
398,1801
398,484
398,504
398,776
399,2464
399,1359
399,471
399,1408
399,2346
399,865
400,735
400,1909
400,661
400,2910
400,2733
400,1712
400,2655
400,2173
401,2175
401,1880
401,2245
402,1119
402,1794
402,561
402,1450
403,2611
403,2334
403,758
403,481
404,2353
404,3080
404,1011
404,1242
405,1134
405,1896
405,1620
405,413
405,3185
406,909
406,594
406,743
406,1519
406,911
406,1347
407,804
407,1369
407,2103
408,1105
408,1221
408,816
409,1767
409,1892
410,657
410,1377
410,853
410,1693
411,2622
411,1404
411,2247
412,1528
413,1140
413,2154
413,1534
414,1160
414,3110
414,580
415,2379
415,2565
415,2784
415,803
415,1141
415,2300
416,434
416,1369
416,859
416,1499
417,2297
417,3126
417,2052
417,1932
417,2908
418,1972
419,1010
419,1881
419,780
419,1459
419,1893
419,644
420,1585
420,1312
420,2201
420,826
420,1996
421,1543
421,3088
422,840
422,950
422,3055
422,521
422,2992
422,1264
422,2581
422,1704
423,2320
423,2857
423,454
423,1584
424,2443
425,2313
425,3199
426,663
426,1759
426,1678
427,1209
427,3204
427,3096
427,1404
428,472
428,2977
428,2096
428,1100
428,1296
429,780
429,2040
429,1174
430,925
430,619
430,668
430,2065
430,2251
431,1980
431,432
431,1646
431,1375
431,828
431,1872
431,2900
431,1043
431,1555
432,1595
432,2927
432,1953
432,2743
432,3108
433,717
434,1347
434,2543
434,1767
435,2839
435,1516
435,1263
435,2872
435,647
437,2927
437,569
437,577
438,2104
439,976
439,582
440,3097
440,3123
441,2412
441,1695
441,2867
441,1317
441,1217
441,2663
441,3238
442,2177
442,1462
442,2835
442,559
442,847
442,1974
443,1461
443,1360
443,2140
443,979
443,2197
443,1146
444,1128
444,634
444,800
444,886
444,2458
444,2564
445,1558
445,2605
446,1267
446,1661
447,2467
447,1095
448,908
448,1908
448,618
449,512
449,766
450,992
450,1414
450,3167
450,2249
451,2253
452,1303
452,2479
453,1725
453,699
453,2713
453,1322
453,1148
453,2522
453,1183
453,548
453,827
454,2526
454,1903
454,928
454,1777
455,966
456,1924
456,1646
456,2269
457,2034
457,1326
457,1420
457,3026
457,2133
458,700
459,2926
459,1228
460,567
460,2560
461,1712
461,514
461,2322
462,2253
462,1448
462,2244
462,926
462,2981
462,1988
463,2241
463,1335
463,824
463,2534
463,1563
464,2354
464,2590
464,1552
464,1094
466,729
466,589
467,2565
467,1521
468,1722
468,1960
468,1879
469,1056
469,1595
469,2492
469,2819
469,2110
469,2717
469,2246
470,2903
470,1585
471,2101
471,1746
471,1604
471,702
472,1019
472,1763
472,2522
472,1306
472,2611
473,3129
473,2930
473,1682
474,3055
474,808
474,978
474,1395
475,2858
475,2873
475,1326
475,1623
475,2503
476,615
476,2898
476,3120
477,628
477,1060
478,2548
478,1930
478,577
478,2472
480,2972
480,1802
480,897
480,2378
480,1021
481,1283
481,952
482,2949
482,1912
482,2321
483,1585
483,887
484,986
484,2147
484,1415
484,1288
484,2034
485,1658
485,1813
485,3102
487,989
487,2554
487,1416
488,821
488,1683
488,2633
489,1538
489,726
489,1179
490,667
490,883
490,2161
491,2786
492,1008
492,1236
493,2609
493,3001
493,936
494,1611
494,2069
495,1981
496,640
496,1194
496,1329
497,1669
498,2128
498,1624
498,3130
499,1674
499,1282
499,1404
499,1311
500,2418
500,3014
500,942
501,1757
501,2445
501,633
501,2839
502,2126
502,1902
502,2362
502,2760
502,516
503,2381
503,554
503,1380
503,1009
504,2005
504,971
505,2448
505,1202
506,2096
507,2183
508,1742
508,1541
508,2450
508,1702
509,2809
509,743
509,2585
509,975
510,1852
510,558
510,2133
510,1344
511,2261
511,1364
511,1508
514,1175
514,1321
514,676
515,1072
515,678
515,2684
515,1093
515,3078
517,3131
517,1023
517,2975
517,1024
518,1903
518,1810
519,1922
519,2174
520,613
520,1195
521,1829
521,827
522,3013
523,789
524,2136
524,2892
524,1653
525,1461
525,680
525,1475
525,2997
526,851
526,1985
527,1242
527,2648
528,2908
531,656
532,2717
532,1179
532,999
534,2531
534,1465
534,1300
535,2774
536,2233
537,3196
537,2686
538,1322
540,2778
540,1100
541,3098
541,2657
543,1376
543,2882
545,2585
545,1922
545,2357
546,2955
546,1034
547,570
547,2389
548,2796
549,1383
549,1018
550,2114
550,2625
550,691
550,2794
550,3149
550,2212
551,1866
551,1357
551,676
551,768
552,562
553,1437
553,857
554,1499
555,2812
555,1628
557,783
558,2934
558,1627
558,971
558,3256
560,1761
560,1109
561,1901
561,893
562,2677
563,1467
564,2397
565,1837
565,1572
565,3174
566,1206
566,2225
566,882
566,2368
569,1974
569,1349
570,755
571,2036
571,933
571,646
571,2092
571,872
572,2305
572,1981
572,1014
574,2028
576,1487
576,1989
577,2322
577,739
580,1564
580,3077
580,1026
581,1042
581,2215
583,3027
584,1611
584,1218
584,1729
585,2454
585,735
586,1760
586,3092
586,2545
587,2987
587,766
587,2487
587,2208
587,2610
587,1534
588,2006
588,3187
588,857
588,2017
590,2866
590,1909
592,1717
592,1939
593,2144
593,981
594,3180
594,714
594,2532
594,2307
595,1020
595,1822
595,1858
595,1517
596,3191
596,611
597,2301
597,2839
597,891
597,661
598,1101
598,1764
599,1124
599,1109
599,2701
599,1657
599,851
600,644
600,863
600,1565
601,3214
601,1037
602,2452
603,2956
604,824
604,1403
605,1815
605,1865
605,683
607,868
609,779
609,1537
609,2433
610,1966
611,1693
611,1023
613,2026
613,2697
613,2720
614,1845
615,1421
616,2047
616,845
616,1253
617,2522
617,3224
617,952
618,2859
618,3024
619,1639
619,1187
619,920
619,1703
620,2695
620,2126
620,1080
621,1479
622,3154
622,1137
623,1258
624,1211
625,2283
625,2682
625,691
626,1103
627,2747
627,1405
628,2889
628,2020
628,749
629,2634
629,1509
629,2231
629,633
630,983
630,901
631,2112
631,1624
631,835
631,2023
632,839
633,2211
633,3133
634,1476
634,681
636,1000
636,1525
637,2206
637,2488
638,977
638,896
638,1397
639,767
639,1120
639,3131
639,2510
639,3107
640,821
640,1915
640,2295
642,1822
642,2254
643,889
643,704
643,2911
645,1977
646,2268
646,834
646,1488
647,1724
648,1724
650,1030
650,2874
650,1774
652,2063
652,2679
653,1298
653,657
654,1002
655,2669
655,2225
655,1887
657,1679
657,802
657,2486
658,2168
658,962
658,1615
658,3191
658,2798
659,1863
659,2952
660,1035
660,3178
660,2724
660,1873
661,2016
662,3178
662,2679
663,2983
664,3106
665,1735
665,828
668,2335
670,2095
671,715
671,2388
671,2293
672,1714
672,2669
673,2115
673,2996
673,2071
674,1642
674,1186
675,676
675,1553
677,2012
678,3095
680,856
681,2992
682,774
682,3020
682,2391
683,1434
683,884
684,1895
684,1311
685,1867
688,1521
688,1666
688,2355
689,1770
690,1114
690,2320
691,920
692,2141
693,1827
693,1415
693,1232
693,1139
693,851
694,2272
695,3163
696,2896
696,700
696,1685
697,2679
697,996
698,3115
698,2839
698,763
699,1207
700,1945
702,3007
703,1209
704,1668
704,1566
704,3088
705,2587
707,2649
708,780
710,1457
710,3043
710,888
712,892
713,1925
713,1046
713,3022
713,2019
714,775
714,1073
715,1973
715,1360
715,1290
715,1750
717,3165
718,2320
719,2622
719,947
719,2174
719,816
720,2714
720,1475
720,2247
720,1883
722,943
722,1772
723,2919
724,1535
726,954
726,944
726,866
727,1579
729,1504
730,2437
730,1270
731,1720
732,876
733,776
734,2908
737,1221
737,1861
737,773
738,2195
738,2651
739,3137
739,1907
740,2888
741,1455
741,1946
741,1640
742,2759
743,1034
743,2479
747,2419
748,1182
750,1318
750,1990
750,1125
751,3181
752,2756
752,2631
752,1403
753,2471
753,1395
755,2290
756,2941
756,957
756,1097
757,1193
757,2583
757,2699
757,1073
757,1035
758,1104
760,2845
761,1208
763,2903
767,3010
769,1729
769,2951
769,1520
772,1421
772,2689
773,1762
773,1965
774,2064
776,1693
777,2597
778,2810
780,1135
780,2744
780,2545
781,2984
782,1034
787,3145
787,967
791,1158
792,951
794,1985
794,2020
795,2756
797,1304
797,2622
798,2201
798,2377
801,3008
806,2057
806,819
807,846
807,1810
809,2279
809,3075
811,826
812,3123
812,1238
812,1661
813,2070
814,1595
814,1271
815,1960
816,3033
817,834
817,1353
818,1809
819,1452
820,2545
821,2236
821,3234
822,2413
822,2059
823,2534
823,1232
823,2757
824,2075
824,3210
825,2160
825,2126
828,915
829,1084
830,2070
833,928
833,1758
834,2009
835,2297
835,2991
837,1425
837,1878
837,891
837,1229
838,2329
839,3007
839,977
843,2185
843,1901
844,1736
845,3170
845,3175
845,1509
848,3051
849,1982
850,2808
850,1852
851,1427
851,2501
851,1651
852,2084
853,1385
854,1117
855,2070
856,2930
858,2777
858,1421
859,1288
860,2562
861,1792
862,1900
862,2964
864,1239
865,2457
866,2205
867,3240
871,1053
871,3205
872,3085
872,3245
873,3045
874,1523
880,1102
883,2273
883,1882
886,1338
888,1187
888,2347
888,1607
890,1117
891,1855
892,2763
894,1413
894,966
894,1085
895,2397
897,2559
897,2963
901,3205
902,1801
903,1069
904,1368
905,2244
905,907
905,1556
905,3170
906,958
907,1097
907,1128
908,931
911,1322
912,1669
913,1530
914,1706
916,2466
919,2907
922,2867
923,1702
923,1204
926,2221
926,2911
927,2201
928,2713
928,1899
933,1121
936,1145
937,2033
939,2323
942,1624
944,2656
945,1037
947,1227
951,1089
952,1780
955,1028
955,1077
957,1022
958,1520
958,1382
960,3120
962,998
964,1980
965,1525
965,3170
967,1554
968,1602
968,1084
969,3256
970,2051
971,1196
973,2623
973,1039
973,981
974,1192
976,3156
977,3119
978,1688
979,2480
979,2429
979,2953
984,1056
989,1028
992,1155
993,1997
994,2349
996,1659
998,3193
999,3140
1002,2949
1003,1515
1008,2540
1008,1119
1010,3206
1011,1158
1011,1727
1013,3078
1015,2753
1018,1324
1020,2119
1021,2710
1022,3026
1025,1628
1027,1266
1027,3058
1028,2313
1030,1455
1031,3225
1034,1323
1038,2337
1040,2218
1041,3243
1043,1214
1047,1395
1050,1207
1052,1064
1053,2957
1054,2751
1058,2696
1058,2188
1059,1976
1060,1529
1063,2893
1065,1123
1071,1117
1075,2667
1075,1513
1077,3242
1077,2360
1078,2955
1080,2526
1080,3247
1080,1284
1080,2633
1082,3232
1083,2160
1084,2646
1085,1886
1089,1481
1092,1893
1093,1424
1094,2492
1094,1675
1096,3145
1096,2016
1099,1827
1102,2665
1104,1241
1107,1138
1109,2163
1112,2952
1114,1988
1115,3190
1117,1511
1117,1342
1122,2309
1128,2900
1131,3052
1134,2099
1138,2329
1139,1485
1139,3219
1141,1623
1143,3158
1143,3223
1144,1420
1150,1793
1153,2651
1153,3249
1157,2976
1157,1581
1161,3035
1161,1292
1162,1251
1162,2405
1162,3239
1163,1313
1165,1462
1170,1593
1171,1970
1171,2427
1171,3236
1176,1611
1177,2108
1178,1332
1178,2758
1178,3007
1186,3189
1188,1846
1189,2696
1189,1905
1191,1562
1193,2994
1194,3088
1194,2678
1195,3160
1201,1442
1203,1989
1206,1768
1208,1961
1214,1963
1218,1300
1222,1600
1222,1619
1226,1739
1226,2595
1228,1952
1233,1655
1237,3040
1237,1510
1240,1721
1243,2140
1245,3171
1248,2384
1250,2074
1257,1814
1259,2642
1260,1403
1269,1298
1271,2170
1272,2842
1276,1633
1280,1408
1283,1523
1286,2150
1289,1330
1297,1559
1297,3151
1297,2240
1301,2649
1302,3041
1304,2110
1305,3205
1311,3197
1312,2948
1312,2778
1316,1658
1320,1640
1321,2146
1322,3255
1323,3132
1323,2339
1324,2982
1326,1459
1327,1490
1331,3049
1332,3002
1332,2652
1335,1843
1337,1422
1341,1725
1344,2118
1344,1365
1345,2087
1346,1495
1349,2499
1351,2761
1363,2696
1365,2469
1366,2655
1367,2670
1368,2515
1380,2321
1382,1920
1383,1516
1386,1580
1386,3126
1389,2391
1391,3013
1391,2641
1392,3001
1392,3108
1394,2659
1394,2412
1395,3258
1400,1734
1407,2023
1408,2324
1413,1844
1428,1483
1432,3168
1435,2406
1435,2127
1442,2546
1442,2576
1442,2270
1443,1669
1444,2885
1444,1574
1445,2738
1446,3175
1448,3016
1452,1838
1452,1749
1454,2531
1454,3231
1458,2583
1460,2190
1474,3229
1475,3044
1476,3199
1478,2619
1479,2035
1487,1557
1496,1779
1497,2523
1499,1876
1502,3250
1514,3226
1515,3229
1515,2086
1517,2618
1518,2026
1523,2071
1524,2848
1526,1527
1528,1887
1535,3005
1536,2562
1536,1640
1538,3022
1539,3245
1556,2765
1558,2430
1560,3173
1571,3179
1573,3152
1581,3139
1582,1797
1588,2229
1590,1835
1593,2249
1598,2993
1602,2738
1611,3111
1618,2209
1618,3161
1624,3169
1628,3100
1632,3200
1632,1852
1639,2059
1640,3246
1646,3167
1650,1659
1653,1943
1656,1985
1659,2113
1663,2771
1665,3032
1665,3253
1666,2126
1668,1795
1678,3250
1681,3213
1683,3145
1688,2908
1690,3254
1692,2756
1694,3207
1706,2647
1708,3196
1714,2432
1717,3174
1717,1979
1718,3104
1719,3046
1723,1880
1724,2861
1726,3071
1727,1944
1734,2043
1736,2444
1736,3148
1736,2274
1737,1827
1744,1903
1747,2794
1749,2169
1750,2124
1754,2398
1755,2138
1756,3180
1759,3186
1766,3235
1768,2148
1773,2573
1777,2942
1778,3241
1794,3218
1801,3015
1802,2429
1804,2445
1804,3166
1809,2100
1811,3155
1822,3040
1827,2133
1831,2828
1832,2847
1837,2458
1838,3238
1840,3142
1840,3166
1840,3257
1846,2952
1849,3164
1850,3058
1851,2062
1854,1939
1854,3077
1866,2949
1867,3146
1883,2351
1894,2613
1901,3137
1912,3223
1919,2165
1922,2647
1926,3127
1933,2620
1936,2929
1936,2697
1940,1981
1948,2306
1952,3051
1952,2296
1953,2241
1959,3199
1961,3252
1962,2109
1972,3173
1977,2271
1979,3164
2006,2656
2008,2410
2026,2837
2034,2558
2034,2044
2038,3215
2042,3225
2051,2176
2057,3081
2061,3215
2067,3078
2070,3062
2070,3231
2072,2303
2075,2932
2075,3161
2088,3106
2102,2573
2108,2992
2123,2172
2125,3251
2127,3157
2129,2564
2133,3084
2138,3103
2152,2301
2153,3082
2153,3254
2157,2317
2158,3109
2163,2202
2163,2510
2167,2863
2174,2866
2183,3118
2193,3129
2195,2656
2216,3257
2217,2810
2231,3242
2239,2543
2253,3194
2281,2829
2305,2909
2306,2439
2317,3220
2325,2551
2328,3077
2332,2496
2337,2515
2345,3233
2347,3165
2350,3025
2353,3067
2367,2451
2376,3029
2379,2575
2395,3174
2415,2461
2431,2526
2458,3120
2458,3228
2471,3152
2475,2683
2478,3244
2484,3236
2491,3000
2494,3219
2503,3040
2517,3198
2526,2742
2527,3192
2527,3022
2554,3227
2574,2833
2574,2745
2580,3214
2586,3031
2594,2855
2594,2935
2606,3148
2614,3063
2634,3072
2651,2672
2661,3072
2678,3186
2700,2989
2708,3071
2716,3248
2722,3243
2732,3188
2746,3188
2756,3193
2757,2923
2775,3055
2777,3183
2806,3210
2809,3062
2822,2878
2824,3154
2830,3107
2833,2942
2837,3251
2848,3044
2854,3163
2862,3240
2865,3093
2866,3238
2879,3192
2886,3172
2916,2928
2916,3244
2918,3075
2925,3113
2944,3235
2946,3221
2954,3105
2990,3246
3001,3087
3048,3209
3051,3255
3065,3134
3069,3239
3071,3171
3112,3249
3117,3128
3129,3162
3189,3234
3193,3201
3202,3217
3223,3248
3246,3247
